year,total_pop,avg_income,avg_net_worth,predicted_gdp,trade_benefit,training_cost,training_benefit,training_net,community_impact,final_policy_gdp
101,504.8007920792079,2295.2006658797654,30870.42729099113,1159197.5199512325,57959.87599756163,-11591.975199512324,9273.58015960986,-2318.3950399024634,-5795.987599756162,1209043.0133091356
102,504.7990215492137,2298.6036954625024,30998.9754528037,1160928.8124527035,0.0,-11609.288124527035,9287.430499621629,-2321.857624905406,4643.715249810814,1163250.670077609
103,504.7972510192196,2302.006725045239,31127.52361461627,1162660.1049541736,0.0,-11626.601049541736,9301.28083963339,-2325.3202099083464,4650.640419816695,1164985.4251640819
104,504.7954804892254,2305.4097546279754,31256.071776428846,1164391.3974556436,0.0,-11643.913974556437,9315.13117964515,-2328.782794911287,4657.565589822575,1166720.180250555
105,504.7937099592312,2308.8127842107124,31384.619938241416,1166122.6899571146,0.0,-11661.226899571147,9328.981519656918,-2332.2453799142295,4664.490759828459,1168454.9353370287
